"Qty";"Value";"Device";"Package";"Parts";"Description";"AVAILABILITY";"DESCRIPTION";"MF";"MP";"PACKAGE";"POPULARITY";"PRICE";"SPICEPREFIX";
"1";"";"PINHD-2X5";"2X05";"JP1";"PIN HEADER";"";"";"";"";"";"";"";"";
"1";"1k";"R-EU_R0805";"R0805";"R1";"RESISTOR, European symbol";"";"";"";"";"";"86";"";"R";
"1";"33u";"CPOL-EUA/3216-18W";"A/3216-18W";"C1";"POLARIZED CAPACITOR, European symbol";"";"";"";"";"";"0";"";"C";
"1";"62201021121";"62201021121";"62201021121";"K1";"WR-PHD 1.27mm Dual Pin Header, 10 Pins=>Code : Con_BTB_PHD_1.27_2_62201021121";"";"";"";"";"";"";"";"";
"1";"CC2538-CN";"CC2538-CN";"CC2538-CN";"U$1";"CC2538 + CC2592 typical Chinese Module black/green";"";"";"";"";"";"";"";"";
"2";"TS-1187A-B-A-B";"TS-1187A-B-A-B";"SW_TS-1187A-B-A-B";"S1, S2";"SPST 50mA @ 12VDC Top Actuated Round Button 160gf SMD Tactile Switches RoHS";"Unavailable";" Tact Switch ";"XKB Industrial Precision";"TS-1187A-B-A-B";"Package ";"";"None";"";
